<?xml version="1.0" encoding="UTF-8"?>
<project-private xmlns="http://www.netbeans.org/ns/project-private/1">
    <editor-bookmarks xmlns="http://www.netbeans.org/ns/editor-bookmarks/2" lastBookmarkId="0"/>
    <open-files xmlns="http://www.netbeans.org/ns/projectui-open-files/2">
        <group>
            <file>file:/C:/Users/Kaneza/Downloads/New%20folder%20(6)/22089-NiyodusengaMussa/src/java/student/util/test.java</file>
            <file>file:/C:/Users/Kaneza/Downloads/New%20folder%20(6)/22089-NiyodusengaMussa/src/java/student/model/CourseModel.java</file>
            <file>file:/C:/Users/Kaneza/Downloads/New%20folder%20(6)/22089-NiyodusengaMussa/src/java/student/controller/CourseController.java</file>
            <file>file:/C:/Users/Kaneza/Downloads/New%20folder%20(6)/22089-NiyodusengaMussa/src/java/student/domain/Student.java</file>
            <file>file:/C:/Users/Kaneza/Downloads/New%20folder%20(6)/22089-NiyodusengaMussa/src/java/student/domain/Registration.java</file>
            <file>file:/C:/Users/Kaneza/Downloads/New%20folder%20(6)/22089-NiyodusengaMussa/src/java/Services/MainClass.java</file>
            <file>file:/C:/Users/Kaneza/Downloads/New%20folder%20(6)/22089-NiyodusengaMussa/src/java/student/util/HibernateUtil.java</file>
            <file>file:/C:/Users/Kaneza/Downloads/New%20folder%20(6)/22089-NiyodusengaMussa/src/java/student/domain/Course.java</file>
        </group>
    </open-files>
</project-private>
