<?xml version="1.0" encoding="UTF-8"?>
<project-private xmlns="http://www.netbeans.org/ns/project-private/1">
    <editor-bookmarks xmlns="http://www.netbeans.org/ns/editor-bookmarks/2" lastBookmarkId="0"/>
    <open-files xmlns="http://www.netbeans.org/ns/projectui-open-files/2">
        <group>
            <file>file:/C:/Users/Lewis/Downloads/NgaboUwayoDidier22300/web/courseList.xhtml</file>
            <file>file:/C:/Users/Lewis/Downloads/NgaboUwayoDidier22300/web/details.xhtml</file>
            <file>file:/C:/Users/Lewis/Downloads/NgaboUwayoDidier22300/web/complete.xhtml</file>
            <file>file:/C:/Users/Lewis/Downloads/NgaboUwayoDidier22300/src/java/com/reg/model/CourseRegistrationModel.java</file>
            <file>file:/C:/Users/Lewis/Downloads/NgaboUwayoDidier22300/src/java/com/reg/domain/Course.java</file>
            <file>file:/C:/Users/Lewis/Downloads/NgaboUwayoDidier22300/src/java/com/reg/domain/Student.java</file>
        </group>
    </open-files>
</project-private>
